Sentence,LenFacScore,Score,predicted_sent,logprobs,GoodBad,Filename,pair_id,field,linguistics_term,Grammar,good_score,bad_score,correct_pair
Name was watched .,-4.6847453117370605,-23.42372703552246,"what , Name .","[-3.038832426071167, -5.888733386993408, -12.846084594726562, -1.6496853828430176, -0.00039200251922011375]",good,passive_2,102,syntax,argument_structure,sample1,-4.6847453117370605,-3.7248668670654297,FALSE
Name was come here .,-3.7248668670654297,-22.349201202392578,"what , Name and .","[-3.038832426071167, -5.888733386993408, -8.657252311706543, -4.306687355041504, -0.45738768577575684, -0.0003070359816774726]",bad,passive_2,102,syntax,argument_structure,sample1,-4.6847453117370605,-3.7248668670654297,FALSE
Name was watched .,-5.040099143981934,-25.200496673583984,"what , a it","[-3.5443806648254395, -5.562223434448242, -12.347395896911621, -3.7460265159606934, -0.00046957432641647756]",good,passive_2,102,syntax,argument_structure,sample10,-5.040099143981934,-3.3540096282958984,FALSE
Name was come here .,-3.3540096282958984,-20.12405776977539,"what , a on .","[-3.5443806648254395, -5.562223434448242, -8.131914138793945, -2.4094839096069336, -0.47575315833091736, -0.00030310326837934554]",bad,passive_2,102,syntax,argument_structure,sample10,-5.040099143981934,-3.3540096282958984,FALSE
Name was watched .,-4.076704502105713,-20.383522033691406,"what , playing the","[-3.3328781127929688, -5.135676383972168, -9.437156677246094, -2.476729393005371, -0.0010808822698891163]",good,passive_2,102,syntax,argument_structure,sample2,-4.076704502105713,-3.8284857273101807,FALSE
Name was come here .,-3.8284857273101807,-22.970914840698242,"what , playing on .","[-3.3328781127929688, -5.135676383972168, -10.342605590820312, -3.875037670135498, -0.284161776304245, -0.0005546461907215416]",bad,passive_2,102,syntax,argument_structure,sample2,-4.076704502105713,-3.8284857273101807,FALSE
Name was watched .,-5.007818698883057,-25.039093017578125,what . a .,"[-3.209115743637085, -5.662879943847656, -15.166678428649902, -0.9998856782913208, -0.0005330810672603548]",good,passive_2,102,syntax,argument_structure,sample3,-5.007818698883057,-3.954401969909668,FALSE
Name was come here .,-3.954401969909668,-23.726411819458008,"what . a and ,","[-3.209115743637085, -5.662879943847656, -9.426395416259766, -3.8263680934906006, -1.6013882160186768, -0.0002632986579556018]",bad,passive_2,102,syntax,argument_structure,sample3,-5.007818698883057,-3.954401969909668,FALSE
Name was watched .,-4.602203845977783,-23.011018753051758,"what , going it","[-3.3675284385681152, -5.276711940765381, -10.572793960571289, -3.793060302734375, -0.0009243983076885343]",good,passive_2,102,syntax,argument_structure,sample4,-4.602203845977783,-3.531678438186645,FALSE
Name was come here .,-3.531678438186645,-21.19007110595703,"what , going on .","[-3.3675284385681152, -5.276711940765381, -9.080205917358398, -2.4987001419067383, -0.9662596583366394, -0.0006644901586696506]",bad,passive_2,102,syntax,argument_structure,sample4,-4.602203845977783,-3.531678438186645,FALSE
Name was watched .,-4.595371246337891,-22.976856231689453,"what , a Name","[-2.9871325492858887, -5.937201499938965, -11.278045654296875, -2.7739243507385254, -0.0005528590409085155]",good,passive_2,102,syntax,argument_structure,sample5,-4.595371246337891,-4.146868705749512,FALSE
Name was come here .,-4.146868705749512,-24.88121223449707,"what , a and and","[-2.9871325492858887, -5.937201499938965, -8.470844268798828, -4.734897613525391, -2.7506775856018066, -0.0004593271005433053]",bad,passive_2,102,syntax,argument_structure,sample5,-4.595371246337891,-4.146868705749512,FALSE
Name was watched .,-5.029799461364746,-25.148996353149414,"what , a the","[-3.349701166152954, -5.53365421295166, -12.626108169555664, -3.638639450073242, -0.0008931938209570944]",good,passive_2,102,syntax,argument_structure,sample6,-5.029799461364746,-3.638294458389282,FALSE
Name was come here .,-3.638294458389282,-21.82976722717285,"what , a on and","[-3.349701166152954, -5.53365421295166, -8.113386154174805, -2.6827099323272705, -2.149599075317383, -0.0007165487040765584]",bad,passive_2,102,syntax,argument_structure,sample6,-5.029799461364746,-3.638294458389282,FALSE
Name was watched .,-5.070309162139893,-25.351545333862305,"what , that to","[-3.405649185180664, -5.274982452392578, -12.31699275970459, -4.353437423706055, -0.0004828002711292356]",good,passive_2,102,syntax,argument_structure,sample7,-5.070309162139893,-3.73602032661438,FALSE
Name was come here .,-3.73602032661438,-22.416122436523438,"what , that from and","[-3.405649185180664, -5.274982452392578, -9.634692192077637, -2.0905141830444336, -2.0097708702087402, -0.0005119920242577791]",bad,passive_2,102,syntax,argument_structure,sample7,-5.070309162139893,-3.73602032661438,FALSE
Name was watched .,-5.17438554763794,-25.87192726135254,"what , talking the","[-3.1054515838623047, -5.358878135681152, -11.342351913452148, -6.064910888671875, -0.00033456450910307467]",good,passive_2,102,syntax,argument_structure,sample8,-5.17438554763794,-3.219368696212769,FALSE
Name was come here .,-3.219368696212769,-19.316211700439453,"what , talking and and","[-3.1054515838623047, -5.358878135681152, -6.344902992248535, -2.5639305114746094, -1.942856788635254, -0.00019333878299221396]",bad,passive_2,102,syntax,argument_structure,sample8,-5.17438554763794,-3.219368696212769,FALSE
Name was watched .,-5.31662654876709,-26.583131790161133,"what , a the","[-3.224195957183838, -5.868238925933838, -12.48029899597168, -5.009786128997803, -0.0006125480867922306]",good,passive_2,102,syntax,argument_structure,sample9,-5.31662654876709,-4.130176067352295,FALSE
Name was come here .,-4.130176067352295,-24.781055450439453,"what , a back .","[-3.224195957183838, -5.868238925933838, -9.122262001037598, -5.201629638671875, -1.3642816543579102, -0.0004462200158741325]",bad,passive_2,102,syntax,argument_structure,sample9,-5.31662654876709,-4.130176067352295,FALSE
some cat is n't bought .,-5.275190830230713,-36.926334381103516,what what ? Name ? a,"[-5.93073844909668, -9.14146614074707, -5.308912754058838, -2.9016737937927246, -9.770214080810547, -3.872932195663452, -0.00039939055568538606]",good,passive_2,150,syntax,argument_structure,sample1,-5.275190830230713,-4.4490251541137695,FALSE
some cat is n't come here .,-4.4490251541137695,-35.592201232910156,what what ? Name ? and .,"[-5.93073844909668, -9.14146614074707, -5.308912754058838, -2.9016737937927246, -7.2534589767456055, -4.704282760620117, -0.35131940245628357, -0.0003511289251036942]",bad,passive_2,150,syntax,argument_structure,sample1,-5.275190830230713,-4.4490251541137695,FALSE
some cat is n't bought .,-5.6756510734558105,-39.729557037353516,what what ? for ? it,"[-5.792550086975098, -7.916788578033447, -6.825705528259277, -4.053126811981201, -11.161628723144531, -3.9792723655700684, -0.000486970558995381]",good,passive_2,150,syntax,argument_structure,sample10,-5.6756510734558105,-4.826518058776856,FALSE
some cat is n't come here .,-4.826518058776856,-38.612144470214844,what what ? for ? on ?,"[-5.792550086975098, -7.916788578033447, -6.825705528259277, -4.053126811981201, -7.109025001525879, -5.667054176330566, -1.2476146221160889, -0.0002779574424494058]",bad,passive_2,150,syntax,argument_structure,sample10,-5.6756510734558105,-4.826518058776856,FALSE
some cat is n't bought .,-5.38200044631958,-37.67400360107422,what what ? n't ? ?,"[-5.757920265197754, -7.679534912109375, -5.606380462646484, -2.0991709232330322, -11.039006233215332, -5.490589618682861, -0.0014013956533744931]",good,passive_2,150,syntax,argument_structure,sample2,-5.38200044631958,-4.054601669311523,FALSE
some cat is n't come here .,-4.054601669311523,-32.43681335449219,what what ? n't ? ? .,"[-5.757920265197754, -7.679534912109375, -5.606380462646484, -2.0991709232330322, -7.513094902038574, -3.436220645904541, -0.34393447637557983, -0.0005552418879233301]",bad,passive_2,150,syntax,argument_structure,sample2,-5.38200044631958,-4.054601669311523,FALSE
some cat is n't bought .,-5.6204328536987305,-39.3430290222168,what what . for . *T*,"[-5.763181686401367, -9.006654739379883, -7.1280012130737305, -4.986237049102783, -10.742676734924316, -1.7159184217453003, -0.0003586364327929914]",good,passive_2,150,syntax,argument_structure,sample3,-5.6204328536987305,-4.997249126434326,FALSE
some cat is n't come here .,-4.997249126434326,-39.97799301147461,what what . for . out .,"[-5.763181686401367, -9.006654739379883, -7.1280012130737305, -4.986237049102783, -7.021480560302734, -5.645400047302246, -0.4268120229244232, -0.0002252801787108183]",bad,passive_2,150,syntax,argument_structure,sample3,-5.6204328536987305,-4.997249126434326,FALSE
some cat is n't bought .,-5.544504642486572,-38.81153106689453,what macaroni . in . a,"[-6.037365913391113, -10.398818016052246, -4.635026454925537, -2.1833114624023438, -10.0083589553833, -5.54798698425293, -0.0006659197388216853]",good,passive_2,150,syntax,argument_structure,sample4,-5.544504642486572,-4.253742218017578,FALSE
some cat is n't come here .,-4.253742218017578,-34.029937744140625,what macaroni . in . in .,"[-6.037365913391113, -10.398818016052246, -4.635026454925537, -2.1833114624023438, -5.452269077301025, -4.687613010406494, -0.6351286768913269, -0.00040618274942971766]",bad,passive_2,150,syntax,argument_structure,sample4,-5.544504642486572,-4.253742218017578,FALSE
some cat is n't bought .,-5.559940338134766,-38.91958236694336,what more . that it that,"[-6.12229585647583, -7.925890922546387, -5.642641067504883, -2.058591365814209, -11.961034774780273, -5.207894802093506, -0.0012340081157162786]",good,passive_2,150,syntax,argument_structure,sample5,-5.559940338134766,-4.637229442596436,FALSE
some cat is n't come here .,-4.637229442596436,-37.097835540771484,what more . that it in and,"[-6.12229585647583, -7.925890922546387, -5.642641067504883, -2.058591365814209, -7.490477085113525, -5.862789154052734, -1.9947247505187988, -0.00042798896902240813]",bad,passive_2,150,syntax,argument_structure,sample5,-5.559940338134766,-4.637229442596436,FALSE
some cat is n't bought .,-5.233809947967529,-36.63666915893555,what what . n't it ?,"[-5.516100883483887, -8.3517427444458, -6.271051406860352, -2.296323299407959, -11.774681091308594, -2.4259724617004395, -0.0007983834366314113]",good,passive_2,150,syntax,argument_structure,sample6,-5.233809947967529,-4.423237323760986,FALSE
some cat is n't come here .,-4.423237323760986,-35.38589859008789,what what . n't it out .,"[-5.516100883483887, -8.3517427444458, -6.271051406860352, -2.296323299407959, -7.674343109130859, -4.408149242401123, -0.8675248026847839, -0.0006640136707574129]",bad,passive_2,150,syntax,argument_structure,sample6,-5.233809947967529,-4.423237323760986,FALSE
some cat is n't bought .,-5.113648891448975,-35.7955436706543,what what and Name broken a,"[-5.829641819000244, -7.893502235412598, -4.425419807434082, -3.4548192024230957, -11.96131420135498, -2.2302463054656982, -0.0006027788622304797]",good,passive_2,150,syntax,argument_structure,sample7,-5.113648891448975,-4.185342788696289,FALSE
some cat is n't come here .,-4.185342788696289,-33.48274230957031,what what and Name broken out .,"[-5.829641819000244, -7.893502235412598, -4.425419807434082, -3.4548192024230957, -7.626137733459473, -3.526130437850952, -0.7265874147415161, -0.0005049622268415987]",bad,passive_2,150,syntax,argument_structure,sample7,-5.113648891448975,-4.185342788696289,FALSE
some cat is n't bought .,-5.233119010925293,-36.631832122802734,what more ? n't that that,"[-6.137974262237549, -9.09803581237793, -4.436038017272949, -1.923660397529602, -10.93094539642334, -4.104859352111816, -0.00031871485407464206]",good,passive_2,150,syntax,argument_structure,sample8,-5.233119010925293,-3.843372583389282,FALSE
some cat is n't come here .,-3.843372583389282,-30.746980667114258,what more ? n't that and .,"[-6.137974262237549, -9.09803581237793, -4.436038017272949, -1.923660397529602, -5.101813793182373, -3.333066463470459, -0.7162269949913025, -0.0001658063702052459]",bad,passive_2,150,syntax,argument_structure,sample8,-5.233119010925293,-3.843372583389282,FALSE
some cat is n't bought .,-5.888754844665527,-41.221282958984375,what what ? for ? the,"[-6.20490026473999, -8.895487785339355, -5.81056547164917, -4.271459579467773, -11.251935005187988, -4.786327362060547, -0.0006062338361516595]",good,passive_2,150,syntax,argument_structure,sample9,-5.888754844665527,-5.212402820587158,FALSE
some cat is n't come here .,-5.212402820587158,-41.699222564697266,what what ? for ? ? .,"[-6.20490026473999, -8.895487785339355, -5.81056547164917, -4.271459579467773, -7.839372158050537, -7.774785041809082, -0.9023136496543884, -0.0003413571394048631]",bad,passive_2,150,syntax,argument_structure,sample9,-5.888754844665527,-5.212402820587158,FALSE
that dog was bought .,-5.62962532043457,-33.77775192260742,what 's . a a,"[-3.5873281955718994, -11.828913688659668, -4.297616004943848, -9.315970420837402, -4.747613906860352, -0.0003083468764089048]",good,passive_2,165,syntax,argument_structure,sample1,-5.62962532043457,-4.901252746582031,FALSE
that dog was come here .,-4.901252746582031,-34.30876922607422,what 's . a and .,"[-3.5873281955718994, -11.828913688659668, -4.297616004943848, -8.870988845825195, -4.966039657592773, -0.7575907707214355, -0.0002910667099058628]",bad,passive_2,165,syntax,argument_structure,sample1,-5.62962532043457,-4.901252746582031,FALSE
that dog was bought .,-5.296003818511963,-31.776023864746094,what 's ? n't it,"[-3.1774439811706543, -10.284625053405762, -3.530062198638916, -10.232736587524414, -4.55087947845459, -0.000277123210253194]",good,passive_2,165,syntax,argument_structure,sample10,-5.296003818511963,-4.108042240142822,FALSE
that dog was come here .,-4.108042240142822,-28.75629425048828,what 's ? n't on .,"[-3.1774439811706543, -10.284625053405762, -3.530062198638916, -8.01344108581543, -3.382079601287842, -0.36840763688087463, -0.0002348147245356813]",bad,passive_2,165,syntax,argument_structure,sample10,-5.296003818511963,-4.108042240142822,FALSE
that dog was bought .,-5.408078670501709,-32.44847106933594,what 's . a the,"[-3.357022285461426, -11.427584648132324, -3.5872673988342285, -9.80649185180664, -4.269292831420898, -0.0008132726070471108]",good,passive_2,165,syntax,argument_structure,sample2,-5.408078670501709,-4.648637294769287,FALSE
that dog was come here .,-4.648637294769287,-32.540462493896484,what 's . a from .,"[-3.357022285461426, -11.427584648132324, -3.5872673988342285, -8.935243606567383, -5.119365692138672, -0.11340893805027008, -0.0005715643637813628]",bad,passive_2,165,syntax,argument_structure,sample2,-5.408078670501709,-4.648637294769287,FALSE
that dog was bought .,-5.168522357940674,-31.01113510131836,what 's . a *T*,"[-3.3829286098480225, -10.994819641113281, -3.4157729148864746, -11.414063453674316, -1.8033075332641602, -0.00024148885859176517]",good,passive_2,165,syntax,argument_structure,sample3,-5.168522357940674,-4.663199424743652,FALSE
that dog was come here .,-4.663199424743652,-32.64239501953125,what 's . a from .,"[-3.3829286098480225, -10.994819641113281, -3.4157729148864746, -10.140209197998047, -4.419661521911621, -0.28882649540901184, -0.00017832119192462415]",bad,passive_2,165,syntax,argument_structure,sample3,-5.168522357940674,-4.663199424743652,FALSE
that dog was bought .,-5.761338710784912,-34.568031311035156,what 's . a a,"[-3.219904899597168, -11.813874244689941, -4.0290207862854, -11.474128723144531, -4.030513286590576, -0.0005924138822592795]",good,passive_2,165,syntax,argument_structure,sample4,-5.761338710784912,-4.4185709953308105,FALSE
that dog was come here .,-4.4185709953308105,-30.929996490478516,what 's . a in .,"[-3.219904899597168, -11.813874244689941, -4.0290207862854, -8.863630294799805, -2.8852481842041016, -0.11783570051193237, -0.000482442817883566]",bad,passive_2,165,syntax,argument_structure,sample4,-5.761338710784912,-4.4185709953308105,FALSE
that dog was bought .,-5.300217628479004,-31.801305770874023,what 's . a the,"[-3.3496899604797363, -10.836849212646484, -3.6160666942596436, -11.210586547851562, -2.787137508392334, -0.0009762050467543304]",good,passive_2,165,syntax,argument_structure,sample5,-5.300217628479004,-4.809380531311035,FALSE
that dog was come here .,-4.809380531311035,-33.66566467285156,what 's . a and and,"[-3.3496899604797363, -10.836849212646484, -3.6160666942596436, -8.658266067504883, -5.27707576751709, -1.9273090362548828, -0.00040665941196493804]",bad,passive_2,165,syntax,argument_structure,sample5,-5.300217628479004,-4.809380531311035,FALSE
that dog was bought .,-5.5991692543029785,-33.59501647949219,what 's is a a,"[-3.432018995285034, -12.017203330993652, -4.216377258300781, -11.373088836669922, -2.5556232929229736, -0.0007053509471006691]",good,passive_2,165,syntax,argument_structure,sample6,-5.5991692543029785,-4.589907169342041,FALSE
that dog was come here .,-4.589907169342041,-32.12934875488281,what 's is a out and,"[-3.432018995285034, -12.017203330993652, -4.216377258300781, -8.009187698364258, -3.0791478157043457, -1.374808430671692, -0.0006083783227950335]",bad,passive_2,165,syntax,argument_structure,sample6,-5.5991692543029785,-4.589907169342041,FALSE
that dog was bought .,-5.249911308288574,-31.499467849731445,what 's . a a,"[-3.3106212615966797, -10.252345085144043, -4.15974760055542, -10.789594650268555, -2.986384391784668, -0.0007744412287138402]",good,passive_2,165,syntax,argument_structure,sample7,-5.249911308288574,-4.298058986663818,FALSE
that dog was come here .,-4.298058986663818,-30.086414337158203,what 's . a out .,"[-3.3106212615966797, -10.252345085144043, -4.15974760055542, -8.764108657836914, -2.596648931503296, -1.0024776458740234, -0.0004640932602342218]",bad,passive_2,165,syntax,argument_structure,sample7,-5.249911308288574,-4.298058986663818,FALSE
that dog was bought .,-5.327234745025635,-31.963407516479492,what 's . a it,"[-3.218332290649414, -10.784082412719727, -3.5624518394470215, -10.789833068847656, -3.608250141143799, -0.000456109904916957]",good,passive_2,165,syntax,argument_structure,sample8,-5.327234745025635,-4.267058849334717,FALSE
that dog was come here .,-4.267058849334717,-29.86941146850586,what 's . a and and,"[-3.218332290649414, -10.784082412719727, -3.5624518394470215, -8.795352935791016, -2.5505809783935547, -0.958392322063446, -0.00021872512297704816]",bad,passive_2,165,syntax,argument_structure,sample8,-5.327234745025635,-4.267058849334717,FALSE
that dog was bought .,-5.664242267608643,-33.98545455932617,what 's is a the,"[-3.2834882736206055, -11.74664306640625, -3.8252530097961426, -11.379179000854492, -3.75038743019104, -0.0005043664714321494]",good,passive_2,165,syntax,argument_structure,sample9,-5.664242267608643,-4.972623348236084,FALSE
that dog was come here .,-4.972623348236084,-34.80836486816406,what 's is a out .,"[-3.2834882736206055, -11.74664306640625, -3.8252530097961426, -9.226005554199219, -6.425694465637207, -0.3008550703525543, -0.00042524831951595843]",bad,passive_2,165,syntax,argument_structure,sample9,-5.664242267608643,-4.972623348236084,FALSE
Name is n't left .,-3.3690617084503174,-20.214370727539062,"what , for going .","[-3.038832426071167, -3.1910829544067383, -3.1322641372680664, -9.55045223236084, -1.3012750148773193, -0.0004632591735571623]",bad,passive_2,310,syntax,argument_structure,sample1,-3.487301588058472,-3.3690617084503174,FALSE
Name is n't scared .,-3.487301588058472,-20.923809051513672,"what , for going of","[-3.038832426071167, -3.1910829544067383, -3.1322641372680664, -10.381430625915527, -1.1798475980758667, -0.00035124807618558407]",good,passive_2,310,syntax,argument_structure,sample1,-3.487301588058472,-3.3690617084503174,FALSE
Name is n't left .,-3.751241683959961,-22.507450103759766,"what , for a the","[-3.5443806648254395, -2.6201326847076416, -2.9327449798583984, -9.512845039367676, -3.896275043487549, -0.0010715939570218325]",bad,passive_2,310,syntax,argument_structure,sample10,-3.552130937576294,-3.751241683959961,TRUE
Name is n't scared .,-3.552130937576294,-21.312786102294922,"what , for a ?","[-3.5443806648254395, -2.6201326847076416, -2.9327449798583984, -8.733612060546875, -3.4811477661132812, -0.0007665794692002237]",good,passive_2,310,syntax,argument_structure,sample10,-3.552130937576294,-3.751241683959961,TRUE
Name is n't left .,-3.59432315826416,-21.56593894958496,"what , for a the","[-3.3328781127929688, -2.771517753601074, -2.572971820831299, -9.699872970581055, -3.1868577003479004, -0.0018399705877527595]",bad,passive_2,310,syntax,argument_structure,sample2,-3.4777536392211914,-3.59432315826416,TRUE
Name is n't scared .,-3.4777536392211914,-20.86652183532715,"what , for a ?","[-3.3328781127929688, -2.771517753601074, -2.572971820831299, -10.512290000915527, -1.6746747493743896, -0.0021892646327614784]",good,passive_2,310,syntax,argument_structure,sample2,-3.4777536392211914,-3.59432315826416,TRUE
Name is n't left .,-3.9345550537109375,-23.607330322265625,what . for that the,"[-3.209115743637085, -2.775151491165161, -2.8450405597686768, -10.931100845336914, -3.8462281227111816, -0.0006940339808352292]",bad,passive_2,310,syntax,argument_structure,sample3,-3.2793519496917725,-3.9345550537109375,TRUE
Name is n't scared .,-3.2793519496917725,-19.676111221313477,what . for that of,"[-3.209115743637085, -2.775151491165161, -2.8450405597686768, -9.105897903442383, -1.7406306266784668, -0.00027581225731410086]",good,passive_2,310,syntax,argument_structure,sample3,-3.2793519496917725,-3.9345550537109375,TRUE
Name is n't left .,-3.647419214248657,-21.8845157623291,"what , for a the","[-3.3675284385681152, -2.9310076236724854, -3.2345099449157715, -10.457780838012695, -1.8921364545822144, -0.0015522110043093562]",bad,passive_2,310,syntax,argument_structure,sample4,-3.955209970474243,-3.647419214248657,FALSE
Name is n't scared .,-3.955209970474243,-23.731260299682617,"what , for a of","[-3.3675284385681152, -2.9310076236724854, -3.2345099449157715, -11.001184463500977, -3.196223497390747, -0.0008055302896536887]",good,passive_2,310,syntax,argument_structure,sample4,-3.955209970474243,-3.647419214248657,FALSE
Name is n't left .,-4.160734176635742,-24.964405059814453,"what , for a a","[-2.9871325492858887, -2.882777690887451, -2.7099924087524414, -11.954072952270508, -4.429837226867676, -0.0005926521262153983]",bad,passive_2,310,syntax,argument_structure,sample5,-3.521317720413208,-4.160734176635742,TRUE
Name is n't scared .,-3.521317720413208,-21.127906799316406,"what , for a ?","[-2.9871325492858887, -2.882777690887451, -2.7099924087524414, -10.297895431518555, -2.2496609687805176, -0.0004471732536330819]",good,passive_2,310,syntax,argument_structure,sample5,-3.521317720413208,-4.160734176635742,TRUE
Name is n't left .,-3.784684896469116,-22.70810890197754,"what , for dancing a","[-3.349701166152954, -2.8199002742767334, -3.068375825881958, -9.292505264282227, -4.176722526550293, -0.0009043894242495298]",bad,passive_2,310,syntax,argument_structure,sample6,-3.781866788864136,-3.784684896469116,TRUE
Name is n't scared .,-3.781866788864136,-22.691200256347656,"what , for dancing a","[-3.349701166152954, -2.8199002742767334, -3.068375825881958, -8.752433776855469, -4.700209140777588, -0.0005790702416561544]",good,passive_2,310,syntax,argument_structure,sample6,-3.781866788864136,-3.784684896469116,TRUE
Name is n't left .,-3.929479598999024,-23.57687759399414,"what , for that a","[-3.405649185180664, -2.710620403289795, -3.8186964988708496, -10.588737487792969, -3.052349090576172, -0.0008239926537498832]",bad,passive_2,310,syntax,argument_structure,sample7,-3.3217947483062744,-3.929479598999024,TRUE
Name is n't scared .,-3.3217947483062744,-19.930768966674805,"what , for that ,","[-3.405649185180664, -2.710620403289795, -3.8186964988708496, -7.80548620223999, -2.189631462097168, -0.0006836699321866035]",good,passive_2,310,syntax,argument_structure,sample7,-3.3217947483062744,-3.929479598999024,TRUE
Name is n't left .,-3.3739655017852783,-20.243793487548828,"what , for that the","[-3.1054515838623047, -3.0804266929626465, -3.1265077590942383, -8.650452613830566, -2.2803289890289307, -0.0006255338666960597]",bad,passive_2,310,syntax,argument_structure,sample8,-3.706431388854981,-3.3739655017852783,FALSE
Name is n't scared .,-3.706431388854981,-22.238588333129883,"what , for that ?","[-3.1054515838623047, -3.0804266929626465, -3.1265077590942383, -11.261194229125977, -1.6647112369537354, -0.0002972637885250151]",good,passive_2,310,syntax,argument_structure,sample8,-3.706431388854981,-3.3739655017852783,FALSE
Name is n't left .,-3.649281740188599,-21.89569091796875,"what , home broken a","[-3.224195957183838, -2.9686989784240723, -2.9477994441986084, -10.842057228088379, -1.9122942686080933, -0.000644237850792706]",bad,passive_2,310,syntax,argument_structure,sample9,-3.7345340251922607,-3.649281740188599,FALSE
Name is n't scared .,-3.7345340251922607,-22.407203674316406,"what , home broken ?","[-3.224195957183838, -2.9686989784240723, -2.9477994441986084, -8.916646957397461, -4.3493170738220215, -0.0005460678366944194]",good,passive_2,310,syntax,argument_structure,sample9,-3.7345340251922607,-3.649281740188599,FALSE
Name was left .,-4.500082969665527,-22.500415802001953,"what , Name the","[-3.038832426071167, -5.888733386993408, -10.132010459899902, -3.440452814102173, -0.0003873551613651216]",bad,passive_2,428,syntax,argument_structure,sample1,-4.531862735748291,-4.500082969665527,FALSE
Name was hugged .,-4.531862735748291,-22.659313201904297,"what , Name .","[-3.038832426071167, -5.888733386993408, -12.407394409179688, -1.3241149187088013, -0.00023850933939684182]",good,passive_2,428,syntax,argument_structure,sample1,-4.531862735748291,-4.500082969665527,FALSE
Name was left .,-3.912691831588745,-19.563459396362305,"what , a the","[-3.5443806648254395, -5.562223434448242, -8.224286079406738, -2.232046604156494, -0.0005228344234637916]",bad,passive_2,428,syntax,argument_structure,sample10,-4.23622989654541,-3.912691831588745,FALSE
Name was hugged .,-4.23622989654541,-21.181150436401367,"what , a ?","[-3.5443806648254395, -5.562223434448242, -9.866314888000488, -2.207803249359131, -0.0004291805380489677]",good,passive_2,428,syntax,argument_structure,sample10,-4.23622989654541,-3.912691831588745,FALSE
Name was left .,-4.578047752380371,-22.890239715576172,"what , playing the","[-3.3328781127929688, -5.135676383972168, -10.046809196472168, -4.373869895935059, -0.0010069306008517742]",bad,passive_2,428,syntax,argument_structure,sample2,-4.877475261688232,-4.578047752380371,FALSE
Name was hugged .,-4.877475261688232,-24.38737678527832,"what , playing you","[-3.3328781127929688, -5.135676383972168, -10.641809463500977, -5.276123523712158, -0.0008892634068615735]",good,passive_2,428,syntax,argument_structure,sample2,-4.877475261688232,-4.578047752380371,FALSE
Name was left .,-4.737024784088135,-23.685123443603516,what . a a,"[-3.209115743637085, -5.662879943847656, -10.872804641723633, -3.9397661685943604, -0.0005560758872888982]",bad,passive_2,428,syntax,argument_structure,sample3,-4.806586265563965,-4.737024784088135,FALSE
Name was hugged .,-4.806586265563965,-24.032930374145508,what . a you,"[-3.209115743637085, -5.662879943847656, -13.12851619720459, -2.0320091247558594, -0.0004096384218428284]",good,passive_2,428,syntax,argument_structure,sample3,-4.806586265563965,-4.737024784088135,FALSE
Name was left .,-4.000434398651123,-20.002172470092773,"what , going the","[-3.3675284385681152, -5.276711940765381, -9.164230346679688, -2.192525863647461, -0.001176618505269289]",bad,passive_2,428,syntax,argument_structure,sample4,-4.315337181091309,-4.000434398651123,FALSE
Name was hugged .,-4.315337181091309,-21.576684951782227,"what , going .","[-3.3675284385681152, -5.276711940765381, -11.304460525512695, -1.6274555921554565, -0.0005289109540171921]",good,passive_2,428,syntax,argument_structure,sample4,-4.315337181091309,-4.000434398651123,FALSE
Name was left .,-5.041595935821533,-25.207979202270508,"what , a a","[-2.9871325492858887, -5.937201499938965, -11.792928695678711, -4.490068435668945, -0.0006472161621786654]",bad,passive_2,428,syntax,argument_structure,sample5,-4.882298469543457,-5.041595935821533,TRUE
Name was hugged .,-4.882298469543457,-24.41149139404297,"what , a you","[-2.9871325492858887, -5.937201499938965, -12.056565284729004, -3.4301953315734863, -0.00039593485416844487]",good,passive_2,428,syntax,argument_structure,sample5,-4.882298469543457,-5.041595935821533,TRUE
Name was left .,-4.667355060577393,-23.336774826049805,"what , a a","[-3.349701166152954, -5.53365421295166, -9.987508773803711, -4.465097427368164, -0.0008124388405121863]",bad,passive_2,428,syntax,argument_structure,sample6,-5.008871078491211,-4.667355060577393,FALSE
Name was hugged .,-5.008871078491211,-25.044355392456055,"what , a you","[-3.349701166152954, -5.53365421295166, -14.238536834716797, -1.92181396484375, -0.0006491222884505987]",good,passive_2,428,syntax,argument_structure,sample6,-5.008871078491211,-4.667355060577393,FALSE
Name was left .,-4.437967300415039,-22.189836502075195,"what , that the","[-3.405649185180664, -5.274982452392578, -9.998668670654297, -3.5099925994873047, -0.0005432083853520453]",bad,passive_2,428,syntax,argument_structure,sample7,-4.65777063369751,-4.437967300415039,FALSE
Name was hugged .,-4.65777063369751,-23.28885269165039,"what , that you","[-3.405649185180664, -5.274982452392578, -10.750934600830078, -3.85672664642334, -0.0005603650351986289]",good,passive_2,428,syntax,argument_structure,sample7,-4.65777063369751,-4.437967300415039,FALSE
Name was left .,-3.956975936889648,-19.784879684448242,"what , talking the","[-3.1054515838623047, -5.358878135681152, -8.230365753173828, -3.0896153450012207, -0.0005696581210941076]",bad,passive_2,428,syntax,argument_structure,sample8,-4.225247383117676,-3.956975936889648,FALSE
Name was hugged .,-4.225247383117676,-21.126235961914062,"what , talking you","[-3.1054515838623047, -5.358878135681152, -9.812615394592285, -2.8489065170288086, -0.0003830652858596295]",good,passive_2,428,syntax,argument_structure,sample8,-4.225247383117676,-3.956975936889648,FALSE
Name was left .,-4.449612140655518,-22.24806022644043,"what , a a","[-3.224195957183838, -5.868238925933838, -11.013748168945312, -2.141233444213867, -0.0006438804557546973]",bad,passive_2,428,syntax,argument_structure,sample9,-4.7199387550354,-4.449612140655518,FALSE
Name was hugged .,-4.7199387550354,-23.599693298339844,"what , a you","[-3.224195957183838, -5.868238925933838, -11.011092185974121, -3.495567798614502, -0.0005998004344291985]",good,passive_2,428,syntax,argument_structure,sample9,-4.7199387550354,-4.449612140655518,FALSE
Name was gone fishing .,-4.548431873321533,-27.290590286254883,"what , Name ? .","[-3.038832426071167, -5.888733386993408, -6.614910125732422, -11.29361629486084, -0.45426732301712036, -0.0002307625545654446]",bad,passive_2,516,syntax,argument_structure,sample1,-4.234175682067871,-4.548431873321533,TRUE
Name was hurt .,-4.234175682067871,-21.170879364013672,"what , Name yourself","[-3.038832426071167, -5.888733386993408, -9.077387809753418, -3.1656508445739746, -0.00027450130437500775]",good,passive_2,516,syntax,argument_structure,sample1,-4.234175682067871,-4.548431873321533,TRUE
Name was gone fishing .,-4.896323204040527,-29.377939224243164,"what , a ? that","[-3.5443806648254395, -5.562223434448242, -6.098373889923096, -10.658819198608398, -3.513903856277466, -0.0002374367177253589]",bad,passive_2,516,syntax,argument_structure,sample10,-3.5369904041290283,-4.896323204040527,TRUE
Name was hurt .,-3.5369904041290283,-17.684951782226562,"what , a .","[-3.5443806648254395, -5.562223434448242, -7.701628684997559, -0.8764604926109314, -0.0002579356369096786]",good,passive_2,516,syntax,argument_structure,sample10,-3.5369904041290283,-4.896323204040527,TRUE
Name was gone fishing .,-4.351193904876709,-26.107162475585938,"what , playing ? ?","[-3.3328781127929688, -5.135676383972168, -6.856637954711914, -9.289254188537598, -1.4923007488250732, -0.00041392818093299866]",bad,passive_2,516,syntax,argument_structure,sample2,-4.085757255554199,-4.351193904876709,TRUE
Name was hurt .,-4.085757255554199,-20.428787231445312,"what , playing the","[-3.3328781127929688, -5.135676383972168, -10.182181358337402, -1.7769966125488281, -0.0010546842822805047]",good,passive_2,516,syntax,argument_structure,sample2,-4.085757255554199,-4.351193904876709,TRUE
Name was gone fishing .,-4.853918552398682,-29.123510360717773,what . a . ?,"[-3.209115743637085, -5.662879943847656, -5.527543067932129, -12.758382797241211, -1.9654061794281006, -0.0001842805795604363]",bad,passive_2,516,syntax,argument_structure,sample3,-4.1108078956604,-4.853918552398682,TRUE
Name was hurt .,-4.1108078956604,-20.554039001464844,what . a ?,"[-3.209115743637085, -5.662879943847656, -9.455440521240234, -2.2263004779815674, -0.0003013156820088625]",good,passive_2,516,syntax,argument_structure,sample3,-4.1108078956604,-4.853918552398682,TRUE
Name was gone fishing .,-4.377317905426025,-26.26390838623047,"what , going . .","[-3.3675284385681152, -5.276711940765381, -5.923642635345459, -10.952017784118652, -0.7436599135398865, -0.00034707720624282956]",bad,passive_2,516,syntax,argument_structure,sample4,-4.086361885070801,-4.377317905426025,TRUE
Name was hurt .,-4.086361885070801,-20.431808471679688,"what , going the","[-3.3675284385681152, -5.276711940765381, -10.013835906982422, -1.7731813192367554, -0.000550357042811811]",good,passive_2,516,syntax,argument_structure,sample4,-4.086361885070801,-4.377317905426025,TRUE
Name was gone fishing .,-4.023913383483887,-24.14348030090332,"what , a . .","[-2.9871325492858887, -5.937201499938965, -6.154881477355957, -9.027654647827148, -0.03603512793779373, -0.0005751386051997542]",bad,passive_2,516,syntax,argument_structure,sample5,-3.5763556957244877,-4.023913383483887,TRUE
Name was hurt .,-3.5763556957244877,-17.881778717041016,"what , a .","[-2.9871325492858887, -5.937201499938965, -8.284887313842773, -0.6717991232872009, -0.0007585985003970563]",good,passive_2,516,syntax,argument_structure,sample5,-3.5763556957244877,-4.023913383483887,TRUE
Name was gone fishing .,-5.068933486938477,-30.41360092163086,"what , a ? ?","[-3.349701166152954, -5.53365421295166, -6.84198522567749, -12.435020446777344, -2.252591371536255, -0.0006473353132605553]",bad,passive_2,516,syntax,argument_structure,sample6,-3.9587578773498535,-5.068933486938477,TRUE
Name was hurt .,-3.9587578773498535,-19.79378890991211,"what , a ?","[-3.349701166152954, -5.53365421295166, -8.199661254882812, -2.7102136611938477, -0.0005598884890787303]",good,passive_2,516,syntax,argument_structure,sample6,-3.9587578773498535,-5.068933486938477,TRUE
Name was gone fishing .,-4.382999420166016,-26.297996520996094,"what , that . .","[-3.405649185180664, -5.274982452392578, -6.54232120513916, -10.93528938293457, -0.13930000364780426, -0.00045348849380388856]",bad,passive_2,516,syntax,argument_structure,sample7,-4.01799201965332,-4.382999420166016,TRUE
Name was hurt .,-4.01799201965332,-20.0899600982666,"what , that .","[-3.405649185180664, -5.274982452392578, -9.655502319335938, -1.7533385753631592, -0.0004885195521637797]",good,passive_2,516,syntax,argument_structure,sample7,-4.01799201965332,-4.382999420166016,TRUE
Name was gone fishing .,-4.646690845489502,-27.880146026611328,"what , talking to .","[-3.1054515838623047, -5.358878135681152, -5.742265701293945, -12.199162483215332, -1.4741203784942627, -0.0002675890573300421]",bad,passive_2,516,syntax,argument_structure,sample8,-3.5069968700408936,-4.646690845489502,TRUE
Name was hurt .,-3.5069968700408936,-17.534984588623047,"what , talking .","[-3.1054515838623047, -5.358878135681152, -6.90077018737793, -2.1696457862854004, -0.00023815179883968085]",good,passive_2,516,syntax,argument_structure,sample8,-3.5069968700408936,-4.646690845489502,TRUE
Name was gone fishing .,-4.270294666290283,-25.621768951416016,"what , a ? ?","[-3.224195957183838, -5.868238925933838, -5.6294074058532715, -9.214798927307129, -1.6846727132797241, -0.0004555141495075077]",bad,passive_2,516,syntax,argument_structure,sample9,-3.812819719314575,-4.270294666290283,TRUE
Name was hurt .,-3.812819719314575,-19.064098358154297,"what , a .","[-3.224195957183838, -5.868238925933838, -8.155959129333496, -1.8152508735656738, -0.0004543225804809481]",good,passive_2,516,syntax,argument_structure,sample9,-3.812819719314575,-4.270294666290283,TRUE
the dogs were n't brought .,-5.171474456787109,-36.200321197509766,what what 's you you a,"[-4.740185260772705, -8.973180770874023, -5.285338878631592, -2.5446043014526367, -10.350889205932617, -4.305517196655273, -0.0006063529872335494]",good,passive_2,550,syntax,argument_structure,sample1,-5.171474456787109,-5.179342746734619,TRUE
the dogs were n't left .,-5.179342746734619,-36.25539779663086,what what 's you you the,"[-4.740185260772705, -8.973180770874023, -5.285338878631592, -2.5446043014526367, -9.510478973388672, -5.200756072998047, -0.0008517451351508498]",bad,passive_2,550,syntax,argument_structure,sample1,-5.171474456787109,-5.179342746734619,TRUE
the dogs were n't brought .,-5.703166484832764,-39.92216491699219,what other is you you to,"[-4.7637529373168945, -11.717096328735352, -6.00715446472168, -2.6535706520080566, -10.03084945678711, -4.7487688064575195, -0.000971917703282088]",good,passive_2,550,syntax,argument_structure,sample10,-5.703166484832764,-5.786777019500732,TRUE
the dogs were n't left .,-5.786777019500732,-40.50743865966797,what other is you you the,"[-4.7637529373168945, -11.717096328735352, -6.00715446472168, -2.6535706520080566, -11.013601303100586, -4.351303577423096, -0.0009563163621351123]",bad,passive_2,550,syntax,argument_structure,sample10,-5.703166484832764,-5.786777019500732,TRUE
the dogs were n't brought .,-5.092090606689453,-35.64463424682617,what other are n't you ?,"[-4.622214317321777, -13.046740531921387, -3.788118839263916, -2.0141303539276123, -9.622566223144531, -2.55043625831604, -0.00042775063775479794]",good,passive_2,550,syntax,argument_structure,sample2,-5.092090606689453,-5.1175642013549805,TRUE
the dogs were n't left .,-5.1175642013549805,-35.82294845581055,what other are n't you ?,"[-4.622214317321777, -13.046740531921387, -3.788118839263916, -2.0141303539276123, -9.740508079528809, -2.610692024230957, -0.0005438040825538337]",bad,passive_2,550,syntax,argument_structure,sample2,-5.092090606689453,-5.1175642013549805,TRUE
the dogs were n't brought .,-5.6709065437316895,-39.696346282958984,what other ? n't you that,"[-4.511109352111816, -9.949542045593262, -5.961353778839111, -2.9039502143859863, -9.602557182312012, -6.7672600746154785, -0.0005766874528490007]",good,passive_2,550,syntax,argument_structure,sample3,-5.6709065437316895,-5.696009159088135,TRUE
the dogs were n't left .,-5.696009159088135,-39.87206268310547,what other ? n't you in,"[-4.511109352111816, -9.949542045593262, -5.961353778839111, -2.9039502143859863, -10.030021667480469, -6.515481948852539, -0.0006025406182743609]",bad,passive_2,550,syntax,argument_structure,sample3,-5.6709065437316895,-5.696009159088135,TRUE
the dogs were n't brought .,-5.385561943054199,-37.69893264770508,what other ? ? you ?,"[-4.537508010864258, -9.268234252929688, -6.951826572418213, -4.433148384094238, -10.216119766235352, -2.291612386703491, -0.0004843492351938039]",good,passive_2,550,syntax,argument_structure,sample4,-5.385561943054199,-5.741745471954346,TRUE
the dogs were n't left .,-5.741745471954346,-40.19221878051758,what other ? ? you the,"[-4.537508010864258, -9.268234252929688, -6.951826572418213, -4.433148384094238, -12.38394546508789, -2.6169285774230957, -0.0006283930852077901]",bad,passive_2,550,syntax,argument_structure,sample4,-5.385561943054199,-5.741745471954346,TRUE
the dogs were n't brought .,-5.068661689758301,-35.48063278198242,what other is you you ?,"[-4.510894775390625, -10.008552551269531, -5.616635322570801, -3.4334397315979004, -8.659756660461426, -3.25071382522583, -0.0006380429258570075]",good,passive_2,550,syntax,argument_structure,sample5,-5.068661689758301,-5.340038776397705,TRUE
the dogs were n't left .,-5.340038776397705,-37.380271911621094,what other is you you you,"[-4.510894775390625, -10.008552551269531, -5.616635322570801, -3.4334397315979004, -10.01769733428955, -3.7924509048461914, -0.0005995621904730797]",bad,passive_2,550,syntax,argument_structure,sample5,-5.068661689758301,-5.340038776397705,TRUE
the dogs were n't brought .,-6.1069655418396,-42.74876022338867,what what what you you ?,"[-4.533783912658691, -12.476530075073242, -7.526371479034424, -4.165974140167236, -10.590703964233398, -3.4546635150909424, -0.0007326302584260702]",good,passive_2,550,syntax,argument_structure,sample6,-6.1069655418396,-5.867649078369141,FALSE
the dogs were n't left .,-5.867649078369141,-41.073543548583984,what what what you you ?,"[-4.533783912658691, -12.476530075073242, -7.526371479034424, -4.165974140167236, -10.014705657958984, -2.3553853034973145, -0.0007943335804156959]",bad,passive_2,550,syntax,argument_structure,sample6,-6.1069655418396,-5.867649078369141,FALSE
the dogs were n't brought .,-5.575906276702881,-39.03134536743164,what what ? you you you,"[-4.482053756713867, -9.079740524291992, -7.8722734451293945, -3.636704921722412, -11.022102355957031, -2.937257766723633, -0.001212338567711413]",good,passive_2,550,syntax,argument_structure,sample7,-5.575906276702881,-5.619668006896973,TRUE
the dogs were n't left .,-5.619668006896973,-39.337677001953125,what what ? you you ?,"[-4.482053756713867, -9.079740524291992, -7.8722734451293945, -3.636704921722412, -12.251081466674805, -2.01485013961792, -0.0009717986104078591]",bad,passive_2,550,syntax,argument_structure,sample7,-5.575906276702881,-5.619668006896973,TRUE
the dogs were n't brought .,-5.300414085388184,-37.10289764404297,what other ? you you to,"[-4.611232280731201, -9.111570358276367, -4.851498126983643, -3.162477731704712, -10.129434585571289, -5.235931396484375, -0.0007499027997255325]",good,passive_2,550,syntax,argument_structure,sample8,-5.300414085388184,-5.09395694732666,FALSE
the dogs were n't left .,-5.09395694732666,-35.65769958496094,what other ? you you the,"[-4.611232280731201, -9.111570358276367, -4.851498126983643, -3.162477731704712, -9.465421676635742, -4.454331398010254, -0.0011654258705675602]",bad,passive_2,550,syntax,argument_structure,sample8,-5.300414085388184,-5.09395694732666,FALSE
the dogs were n't brought .,-5.717413425445557,-40.02189254760742,what other ? in you Name,"[-4.496944427490234, -12.754389762878418, -6.713885307312012, -4.373510837554932, -9.057066917419434, -2.625210762023926, -0.0008834273321554065]",good,passive_2,550,syntax,argument_structure,sample9,-5.717413425445557,-5.735970497131348,TRUE
the dogs were n't left .,-5.735970497131348,-40.15179443359375,what other ? in you .,"[-4.496944427490234, -12.754389762878418, -6.713885307312012, -4.373510837554932, -9.600730895996094, -2.2117972373962402, -0.0005317704635672271]",bad,passive_2,550,syntax,argument_structure,sample9,-5.717413425445557,-5.735970497131348,TRUE
Name was seen .,-4.982852935791016,-24.914264678955078,"what , Name Name","[-3.038832426071167, -5.888733386993408, -9.02851390838623, -6.95766544342041, -0.000520570669323206]",good,passive_2,575,syntax,argument_structure,sample1,-4.982852935791016,-4.548431873321533,FALSE
Name was gone fishing .,-4.548431873321533,-27.290590286254883,"what , Name ? .","[-3.038832426071167, -5.888733386993408, -6.614910125732422, -11.29361629486084, -0.45426732301712036, -0.0002307625545654446]",bad,passive_2,575,syntax,argument_structure,sample1,-4.982852935791016,-4.548431873321533,FALSE
Name was seen .,-4.5692009925842285,-22.846004486083984,"what , a Name","[-3.5443806648254395, -5.562223434448242, -8.943730354309082, -4.795039176940918, -0.0006286313873715699]",good,passive_2,575,syntax,argument_structure,sample10,-4.5692009925842285,-4.896323204040527,TRUE
Name was gone fishing .,-4.896323204040527,-29.377939224243164,"what , a ? that","[-3.5443806648254395, -5.562223434448242, -6.098373889923096, -10.658819198608398, -3.513903856277466, -0.0002374367177253589]",bad,passive_2,575,syntax,argument_structure,sample10,-4.5692009925842285,-4.896323204040527,TRUE
Name was seen .,-4.646822452545166,-23.234111785888672,"what , playing a","[-3.3328781127929688, -5.135676383972168, -9.419896125793457, -5.344577789306641, -0.0010831448016688228]",good,passive_2,575,syntax,argument_structure,sample2,-4.646822452545166,-4.351193904876709,FALSE
Name was gone fishing .,-4.351193904876709,-26.107162475585938,"what , playing ? ?","[-3.3328781127929688, -5.135676383972168, -6.856637954711914, -9.289254188537598, -1.4923007488250732, -0.00041392818093299866]",bad,passive_2,575,syntax,argument_structure,sample2,-4.646822452545166,-4.351193904876709,FALSE
Name was seen .,-4.819842338562012,-24.099212646484375,what . a a,"[-3.209115743637085, -5.662879943847656, -9.654144287109375, -5.572456359863281, -0.0006157647585496306]",good,passive_2,575,syntax,argument_structure,sample3,-4.819842338562012,-4.853918552398682,TRUE
Name was gone fishing .,-4.853918552398682,-29.123510360717773,what . a . ?,"[-3.209115743637085, -5.662879943847656, -5.527543067932129, -12.758382797241211, -1.9654061794281006, -0.0001842805795604363]",bad,passive_2,575,syntax,argument_structure,sample3,-4.819842338562012,-4.853918552398682,TRUE
Name was seen .,-5.038036346435547,-25.190181732177734,"what , going a","[-3.3675284385681152, -5.276711940765381, -11.948528289794922, -4.596604347229004, -0.000809699238743633]",good,passive_2,575,syntax,argument_structure,sample4,-5.038036346435547,-4.377317905426025,FALSE
Name was gone fishing .,-4.377317905426025,-26.26390838623047,"what , going . .","[-3.3675284385681152, -5.276711940765381, -5.923642635345459, -10.952017784118652, -0.7436599135398865, -0.00034707720624282956]",bad,passive_2,575,syntax,argument_structure,sample4,-5.038036346435547,-4.377317905426025,FALSE
Name was seen .,-4.291162967681885,-21.455814361572266,"what , a a","[-2.9871325492858887, -5.937201499938965, -8.915446281433105, -3.6150927543640137, -0.0009410720085725188]",good,passive_2,575,syntax,argument_structure,sample5,-4.291162967681885,-4.023913383483887,FALSE
Name was gone fishing .,-4.023913383483887,-24.14348030090332,"what , a . .","[-2.9871325492858887, -5.937201499938965, -6.154881477355957, -9.027654647827148, -0.03603512793779373, -0.0005751386051997542]",bad,passive_2,575,syntax,argument_structure,sample5,-4.291162967681885,-4.023913383483887,FALSE
Name was seen .,-5.617965698242188,-28.089828491210938,"what , a a","[-3.349701166152954, -5.53365421295166, -10.182836532592773, -9.022831916809082, -0.0008043391280807555]",good,passive_2,575,syntax,argument_structure,sample6,-5.617965698242188,-5.068933486938477,FALSE
Name was gone fishing .,-5.068933486938477,-30.41360092163086,"what , a ? ?","[-3.349701166152954, -5.53365421295166, -6.84198522567749, -12.435020446777344, -2.252591371536255, -0.0006473353132605553]",bad,passive_2,575,syntax,argument_structure,sample6,-5.617965698242188,-5.068933486938477,FALSE
Name was seen .,-5.424766540527344,-27.12383270263672,"what , that Name","[-3.405649185180664, -5.274982452392578, -12.532247543334961, -5.910068035125732, -0.0008848565630614758]",good,passive_2,575,syntax,argument_structure,sample7,-5.424766540527344,-4.382999420166016,FALSE
Name was gone fishing .,-4.382999420166016,-26.297996520996094,"what , that . .","[-3.405649185180664, -5.274982452392578, -6.54232120513916, -10.93528938293457, -0.13930000364780426, -0.00045348849380388856]",bad,passive_2,575,syntax,argument_structure,sample7,-5.424766540527344,-4.382999420166016,FALSE
Name was seen .,-5.202054023742676,-26.010269165039062,"what , talking Name","[-3.1054515838623047, -5.358878135681152, -10.012441635131836, -7.533064842224121, -0.00043084874050691724]",good,passive_2,575,syntax,argument_structure,sample8,-5.202054023742676,-4.646690845489502,FALSE
Name was gone fishing .,-4.646690845489502,-27.880146026611328,"what , talking to .","[-3.1054515838623047, -5.358878135681152, -5.742265701293945, -12.199162483215332, -1.4741203784942627, -0.0002675890573300421]",bad,passive_2,575,syntax,argument_structure,sample8,-5.202054023742676,-4.646690845489502,FALSE
Name was seen .,-5.01650333404541,-25.082515716552734,"what , a a","[-3.224195957183838, -5.868238925933838, -7.853935241699219, -8.135245323181152, -0.000898077036254108]",good,passive_2,575,syntax,argument_structure,sample9,-5.01650333404541,-4.270294666290283,FALSE
Name was gone fishing .,-4.270294666290283,-25.621768951416016,"what , a ? ?","[-3.224195957183838, -5.868238925933838, -5.6294074058532715, -9.214798927307129, -1.6846727132797241, -0.0004555141495075077]",bad,passive_2,575,syntax,argument_structure,sample9,-5.01650333404541,-4.270294666290283,FALSE
the bird was come here .,-4.075066566467285,-28.52546501159668,what what is a and .,"[-4.740185260772705, -4.674242973327637, -4.0665130615234375, -9.919904708862305, -4.679351329803467, -0.4449116587638855, -0.00035613393993116915]",bad,passive_2,633,syntax,argument_structure,sample1,-4.824673175811768,-4.075066566467285,FALSE
the bird was seen .,-4.824673175811768,-28.948040008544922,what what is a a,"[-4.740185260772705, -4.674242973327637, -4.0665130615234375, -9.196648597717285, -6.270069122314453, -0.0003828269545920193]",good,passive_2,633,syntax,argument_structure,sample1,-4.824673175811768,-4.075066566467285,FALSE
the bird was come here .,-3.50178599357605,-24.512502670288086,what other is n't on and,"[-4.7637529373168945, -5.618100166320801, -2.938788652420044, -5.882457256317139, -4.314460277557373, -0.9945773482322693, -0.0003657863999251276]",bad,passive_2,633,syntax,argument_structure,sample10,-4.690478801727295,-3.50178599357605,FALSE
the bird was seen .,-4.690478801727295,-28.142871856689453,what other is n't Name,"[-4.7637529373168945, -5.618100166320801, -2.938788652420044, -9.222504615783691, -5.599103927612305, -0.000621840707026422]",good,passive_2,633,syntax,argument_structure,sample10,-4.690478801727295,-3.50178599357605,FALSE
the bird was come here .,-4.069029331207275,-28.483203887939453,what other 's in and .,"[-4.622214317321777, -5.07142448425293, -3.3402798175811768, -10.24332046508789, -4.662734508514404, -0.5424132347106934, -0.000816012208815664]",bad,passive_2,633,syntax,argument_structure,sample2,-4.300013542175293,-4.069029331207275,FALSE
the bird was seen .,-4.300013542175293,-25.800081253051758,what other 's in a,"[-4.622214317321777, -5.07142448425293, -3.3402798175811768, -8.183032989501953, -4.581592559814453, -0.001536261523142457]",good,passive_2,633,syntax,argument_structure,sample2,-4.300013542175293,-4.069029331207275,FALSE
the bird was come here .,-3.918471813201904,-27.429302215576172,what other . that in .,"[-4.511109352111816, -4.996862411499023, -4.198751449584961, -8.963279724121094, -4.527381896972656, -0.23172082006931305, -0.0001967951684491709]",bad,passive_2,633,syntax,argument_structure,sample3,-4.715796947479248,-3.918471813201904,FALSE
the bird was seen .,-4.715796947479248,-28.294782638549805,what other . that that,"[-4.511109352111816, -4.996862411499023, -4.198751449584961, -10.029199600219727, -4.558182716369629, -0.0006778326351195574]",good,passive_2,633,syntax,argument_structure,sample3,-4.715796947479248,-3.918471813201904,FALSE
the bird was come here .,-3.688707590103149,-25.820953369140625,what other is that in and,"[-4.537508010864258, -4.889460563659668, -3.6748411655426025, -8.77150821685791, -2.6090452671051025, -1.3380060195922852, -0.0005850272136740386]",bad,passive_2,633,syntax,argument_structure,sample4,-5.2544708251953125,-3.688707590103149,FALSE
the bird was seen .,-5.2544708251953125,-31.526824951171875,what other is that a,"[-4.537508010864258, -4.889460563659668, -3.6748411655426025, -12.52102279663086, -5.903306484222412, -0.0006846229662187397]",good,passive_2,633,syntax,argument_structure,sample4,-5.2544708251953125,-3.688707590103149,FALSE
the bird was come here .,-3.932518720626831,-27.527631759643555,what other is n't on .,"[-4.510894775390625, -5.908640384674072, -3.2651681900024414, -7.403623580932617, -5.752460956573486, -0.686501145362854, -0.00034231049357913435]",bad,passive_2,633,syntax,argument_structure,sample5,-4.210047245025635,-3.932518720626831,FALSE
the bird was seen .,-4.210047245025635,-25.260284423828125,what other is n't the,"[-4.510894775390625, -5.908640384674072, -3.2651681900024414, -9.084532737731934, -2.4902188777923584, -0.0008301864145323634]",good,passive_2,633,syntax,argument_structure,sample5,-4.210047245025635,-3.932518720626831,FALSE
the bird was come here .,-3.774506330490112,-26.421545028686523,what what 's a out and,"[-4.533783912658691, -5.761613845825195, -3.658264398574829, -7.334033489227295, -3.8599283695220947, -1.2732868194580078, -0.0006332775810733438]",bad,passive_2,633,syntax,argument_structure,sample6,-5.032158851623535,-3.774506330490112,FALSE
the bird was seen .,-5.032158851623535,-30.19295310974121,what what 's a a,"[-4.533783912658691, -5.761613845825195, -3.658264398574829, -8.838724136352539, -7.399447441101074, -0.0011201781453564763]",good,passive_2,633,syntax,argument_structure,sample6,-5.032158851623535,-3.774506330490112,FALSE
the bird was come here .,-3.855457305908203,-26.988201141357422,what what is that out .,"[-4.482053756713867, -5.359882354736328, -3.8354854583740234, -9.467525482177734, -2.8291237354278564, -1.0134820938110352, -0.00064876489341259]",bad,passive_2,633,syntax,argument_structure,sample7,-5.173659324645996,-3.855457305908203,FALSE
the bird was seen .,-5.173659324645996,-31.041955947875977,what what is that a,"[-4.482053756713867, -5.359882354736328, -3.8354854583740234, -12.636747360229492, -4.726628303527832, -0.001158043509349227]",good,passive_2,633,syntax,argument_structure,sample7,-5.173659324645996,-3.855457305908203,FALSE
the bird was come here .,-3.5472042560577397,-24.830429077148438,what other . in out .,"[-4.611232280731201, -4.712946891784668, -4.594051361083984, -7.090892791748047, -3.3832764625549316, -0.43780988454818726, -0.00021860594279132783]",bad,passive_2,633,syntax,argument_structure,sample8,-4.6859564781188965,-3.5472042560577397,FALSE
the bird was seen .,-4.6859564781188965,-28.115737915039062,what other . in Name,"[-4.611232280731201, -4.712946891784668, -4.594051361083984, -9.271384239196777, -4.925548553466797, -0.0005749003030359745]",good,passive_2,633,syntax,argument_structure,sample8,-4.6859564781188965,-3.5472042560577397,FALSE
the bird was come here .,-4.38831090927124,-30.718177795410156,what other 's in out .,"[-4.496944427490234, -5.73691463470459, -3.5601887702941895, -9.050782203674316, -6.57762336730957, -1.2953531742095947, -0.00037305548903532326]",bad,passive_2,633,syntax,argument_structure,sample9,-4.567459583282471,-4.38831090927124,FALSE
the bird was seen .,-4.567459583282471,-27.404756546020508,what other 's in a,"[-4.496944427490234, -5.73691463470459, -3.5601887702941895, -8.748136520385742, -4.861902713775635, -0.0006690170848742127]",good,passive_2,633,syntax,argument_structure,sample9,-4.567459583282471,-4.38831090927124,FALSE
those birds were n't seen .,-5.361781597137451,-37.532470703125,what are are you you you,"[-6.083106994628906, -11.540709495544434, -5.763301372528076, -3.1174538135528564, -6.896106719970703, -4.13139009475708, -0.0004029654082842171]",good,passive_2,661,syntax,argument_structure,sample1,-5.361781597137451,-4.7267231941223145,FALSE
those birds were n't come here .,-4.7267231941223145,-37.813785552978516,what are are you you in .,"[-6.083106994628906, -11.540709495544434, -5.763301372528076, -3.1174538135528564, -5.389682292938232, -5.320531845092773, -0.5986676812171936, -0.00032646095496602356]",bad,passive_2,661,syntax,argument_structure,sample1,-5.361781597137451,-4.7267231941223145,FALSE
those birds were n't seen .,-4.753894329071045,-33.277259826660156,what are are n't you you,"[-6.360715866088867, -8.99774169921875, -7.209321022033691, -1.285120964050293, -5.080463409423828, -4.343317031860352, -0.0005782362422905862]",good,passive_2,661,syntax,argument_structure,sample10,-4.753894329071045,-4.432168960571289,FALSE
those birds were n't come here .,-4.432168960571289,-35.45735168457031,what are are n't you out ?,"[-6.360715866088867, -8.99774169921875, -7.209321022033691, -1.285120964050293, -5.401494979858398, -4.364051818847656, -1.8385813236236572, -0.0003250309091527015]",bad,passive_2,661,syntax,argument_structure,sample10,-4.753894329071045,-4.432168960571289,FALSE
those birds were n't seen .,-5.264117240905762,-36.848819732666016,what are are you you you,"[-6.065553188323975, -9.052069664001465, -4.899762153625488, -3.639163017272949, -7.911899089813232, -5.2799201011657715, -0.00045193947153165936]",good,passive_2,661,syntax,argument_structure,sample2,-5.264117240905762,-4.339370727539063,FALSE
those birds were n't come here .,-4.339370727539063,-34.7149658203125,what are are you you on .,"[-6.065553188323975, -9.052069664001465, -4.899762153625488, -3.639163017272949, -5.122137069702148, -5.2325592041015625, -0.7032912969589233, -0.0004253674705978483]",bad,passive_2,661,syntax,argument_structure,sample2,-5.264117240905762,-4.339370727539063,FALSE
those birds were n't seen .,-5.841723442077637,-40.89206314086914,what are . you you you,"[-6.173777103424072, -9.380313873291016, -7.293444633483887, -2.0833077430725098, -9.31247615814209, -6.648369789123535, -0.0003721021639648825]",good,passive_2,661,syntax,argument_structure,sample3,-5.841723442077637,-4.636324405670166,FALSE
those birds were n't come here .,-4.636324405670166,-37.09059524536133,"what are . you you in ,","[-6.173777103424072, -9.380313873291016, -7.293444633483887, -2.0833077430725098, -5.985191822052002, -4.637391090393066, -1.5369397401809692, -0.00023016665363684297]",bad,passive_2,661,syntax,argument_structure,sample3,-5.841723442077637,-4.636324405670166,FALSE
those birds were n't seen .,-5.352627754211426,-37.4683952331543,what are . . you Name,"[-6.248260498046875, -9.668095588684082, -6.223229885101318, -4.544140815734863, -7.961065292358398, -2.8232369422912598, -0.0003678122302517295]",good,passive_2,661,syntax,argument_structure,sample4,-5.352627754211426,-4.571850299835205,FALSE
those birds were n't come here .,-4.571850299835205,-36.57480239868164,what are . . you out .,"[-6.248260498046875, -9.668095588684082, -6.223229885101318, -4.544140815734863, -4.938122749328613, -4.25068473815918, -0.7017843723297119, -0.0004820853646378964]",bad,passive_2,661,syntax,argument_structure,sample4,-5.352627754211426,-4.571850299835205,FALSE
those birds were n't seen .,-5.379906177520752,-37.65934371948242,what are . you you that,"[-6.0567121505737305, -8.767252922058105, -6.09951639175415, -4.293469429016113, -8.255756378173828, -4.1856889724731445, -0.0009486941853538156]",good,passive_2,661,syntax,argument_structure,sample5,-5.379906177520752,-4.964890956878662,FALSE
those birds were n't come here .,-4.964890956878662,-39.7191276550293,"what are . you you ? ,","[-6.0567121505737305, -8.767252922058105, -6.09951639175415, -4.293469429016113, -5.561016082763672, -6.779137134552002, -2.161646842956543, -0.0003759154351428151]",bad,passive_2,661,syntax,argument_structure,sample5,-5.379906177520752,-4.964890956878662,FALSE
those birds were n't seen .,-6.598433017730713,-46.189029693603516,what are are you you Name,"[-6.143267631530762, -10.4959135055542, -7.013253211975098, -4.302016258239746, -9.355772018432617, -8.877410888671875, -0.0013980624498799443]",good,passive_2,661,syntax,argument_structure,sample6,-6.598433017730713,-5.223205089569092,FALSE
those birds were n't come here .,-5.223205089569092,-41.785640716552734,what are are you you from and,"[-6.143267631530762, -10.4959135055542, -7.013253211975098, -4.302016258239746, -5.805420875549316, -5.2153143882751465, -2.8089051246643066, -0.00154971145093441]",bad,passive_2,661,syntax,argument_structure,sample6,-6.598433017730713,-5.223205089569092,FALSE
those birds were n't seen .,-5.946798801422119,-41.62759017944336,what are the you you that,"[-6.4198899269104, -11.253207206726074, -5.642313480377197, -2.353283643722534, -8.993234634399414, -6.9641265869140625, -0.0015347142471000552]",good,passive_2,661,syntax,argument_structure,sample7,-5.946798801422119,-4.533117771148682,FALSE
those birds were n't come here .,-4.533117771148682,-36.26494216918945,what are the you you in .,"[-6.4198899269104, -11.253207206726074, -5.642313480377197, -2.353283643722534, -6.013172626495361, -3.3568127155303955, -1.225755214691162, -0.0005115154199302197]",bad,passive_2,661,syntax,argument_structure,sample7,-5.946798801422119,-4.533117771148682,FALSE
those birds were n't seen .,-6.106566905975342,-42.745967864990234,what are . you you Name,"[-6.3147993087768555, -13.094660758972168, -7.018125057220459, -3.6641035079956055, -7.5453782081604, -5.10837984085083, -0.0005225961795076728]",good,passive_2,661,syntax,argument_structure,sample8,-6.106566905975342,-4.926267623901367,FALSE
those birds were n't come here .,-4.926267623901367,-39.41014099121094,what are . you you out .,"[-6.3147993087768555, -13.094660758972168, -7.018125057220459, -3.6641035079956055, -5.885884761810303, -3.148603916168213, -0.28369393944740295, -0.00026520551182329655]",bad,passive_2,661,syntax,argument_structure,sample8,-6.106566905975342,-4.926267623901367,FALSE
those birds were n't seen .,-5.266231536865234,-36.86362075805664,what are . you do Name,"[-6.076630115509033, -10.258514404296875, -4.953753471374512, -4.0044355392456055, -5.849367618560791, -5.719992637634277, -0.0009263038518838584]",good,passive_2,661,syntax,argument_structure,sample9,-5.266231536865234,-4.813269138336182,FALSE
those birds were n't come here .,-4.813269138336182,-38.50615310668945,what are . you do out .,"[-6.076630115509033, -10.258514404296875, -4.953753471374512, -4.0044355392456055, -6.656658172607422, -6.389646053314209, -0.16613419353961945, -0.0003808011533692479]",bad,passive_2,661,syntax,argument_structure,sample9,-5.266231536865234,-4.813269138336182,FALSE
Name is n't scared .,-3.487301588058472,-20.923809051513672,"what , for going of","[-3.038832426071167, -3.1910829544067383, -3.1322641372680664, -10.381430625915527, -1.1798475980758667, -0.00035124807618558407]",good,passive_2,711,syntax,argument_structure,sample1,-3.487301588058472,-4.129062175750732,TRUE
Name is n't gone fishing .,-4.129062175750732,-28.90343475341797,"what , for going ? .","[-3.038832426071167, -3.1910829544067383, -3.1322641372680664, -6.863450050354004, -12.14949893951416, -0.5280138850212097, -0.00029345019720494747]",bad,passive_2,711,syntax,argument_structure,sample1,-3.487301588058472,-4.129062175750732,TRUE
Name is n't scared .,-3.552130937576294,-21.312786102294922,"what , for a ?","[-3.5443806648254395, -2.6201326847076416, -2.9327449798583984, -8.733612060546875, -3.4811477661132812, -0.0007665794692002237]",good,passive_2,711,syntax,argument_structure,sample10,-3.552130937576294,-4.5069990158081055,TRUE
Name is n't gone fishing .,-4.5069990158081055,-31.548992156982422,"what , for a ? ?","[-3.5443806648254395, -2.6201326847076416, -2.9327449798583984, -7.653203010559082, -11.044928550720215, -3.753279447555542, -0.0003215749457012862]",bad,passive_2,711,syntax,argument_structure,sample10,-3.552130937576294,-4.5069990158081055,TRUE
Name is n't scared .,-3.4777536392211914,-20.86652183532715,"what , for a ?","[-3.3328781127929688, -2.771517753601074, -2.572971820831299, -10.512290000915527, -1.6746747493743896, -0.0021892646327614784]",good,passive_2,711,syntax,argument_structure,sample2,-3.4777536392211914,-3.928958177566528,TRUE
Name is n't gone fishing .,-3.928958177566528,-27.50270652770996,"what , for a ? ?","[-3.3328781127929688, -2.771517753601074, -2.572971820831299, -6.3102264404296875, -9.769010543823242, -2.7455551624298096, -0.0005472592893056571]",bad,passive_2,711,syntax,argument_structure,sample2,-3.4777536392211914,-3.928958177566528,TRUE
Name is n't scared .,-3.2793519496917725,-19.676111221313477,what . for that of,"[-3.209115743637085, -2.775151491165161, -2.8450405597686768, -9.105897903442383, -1.7406306266784668, -0.00027581225731410086]",good,passive_2,711,syntax,argument_structure,sample3,-3.2793519496917725,-4.260261058807373,TRUE
Name is n't gone fishing .,-4.260261058807373,-29.821826934814453,what . for that . .,"[-3.209115743637085, -2.775151491165161, -2.8450405597686768, -6.6778459548950195, -13.688163757324219, -0.6262716054916382, -0.00023445718397852033]",bad,passive_2,711,syntax,argument_structure,sample3,-3.2793519496917725,-4.260261058807373,TRUE
Name is n't scared .,-3.955209970474243,-23.731260299682617,"what , for a of","[-3.3675284385681152, -2.9310076236724854, -3.2345099449157715, -11.001184463500977, -3.196223497390747, -0.0008055302896536887]",good,passive_2,711,syntax,argument_structure,sample4,-3.955209970474243,-4.341959476470947,TRUE
Name is n't gone fishing .,-4.341959476470947,-30.393714904785156,"what , for a ? with","[-3.3675284385681152, -2.9310076236724854, -3.2345099449157715, -9.243460655212402, -9.82767105102539, -1.7891502380371094, -0.0003849719068966806]",bad,passive_2,711,syntax,argument_structure,sample4,-3.955209970474243,-4.341959476470947,TRUE
Name is n't scared .,-3.521317720413208,-21.127906799316406,"what , for a ?","[-2.9871325492858887, -2.882777690887451, -2.7099924087524414, -10.297895431518555, -2.2496609687805176, -0.0004471732536330819]",good,passive_2,711,syntax,argument_structure,sample5,-3.521317720413208,-3.7598726749420166,TRUE
Name is n't gone fishing .,-3.7598726749420166,-26.319108963012695,"what , for a . .","[-2.9871325492858887, -2.882777690887451, -2.7099924087524414, -8.214941024780273, -9.391654968261719, -0.13193142414093018, -0.0006796196103096008]",bad,passive_2,711,syntax,argument_structure,sample5,-3.521317720413208,-3.7598726749420166,TRUE
Name is n't scared .,-3.781866788864136,-22.691200256347656,"what , for dancing a","[-3.349701166152954, -2.8199002742767334, -3.068375825881958, -8.752433776855469, -4.700209140777588, -0.0005790702416561544]",good,passive_2,711,syntax,argument_structure,sample6,-3.781866788864136,-3.809995889663696,TRUE
Name is n't gone fishing .,-3.809995889663696,-26.669971466064453,"what , for dancing . .","[-3.349701166152954, -2.8199002742767334, -3.068375825881958, -6.282955169677734, -10.560811996459961, -0.5875353217124939, -0.0006924853660166264]",bad,passive_2,711,syntax,argument_structure,sample6,-3.781866788864136,-3.809995889663696,TRUE
Name is n't scared .,-3.3217947483062744,-19.930768966674805,"what , for that ,","[-3.405649185180664, -2.710620403289795, -3.8186964988708496, -7.80548620223999, -2.189631462097168, -0.0006836699321866035]",good,passive_2,711,syntax,argument_structure,sample7,-3.3217947483062744,-4.117809772491455,TRUE
Name is n't gone fishing .,-4.117809772491455,-28.824668884277344,"what , for that . .","[-3.405649185180664, -2.710620403289795, -3.8186964988708496, -6.457711219787598, -12.411128997802734, -0.020207604393363, -0.0006562701892107725]",bad,passive_2,711,syntax,argument_structure,sample7,-3.3217947483062744,-4.117809772491455,TRUE
Name is n't scared .,-3.706431388854981,-22.238588333129883,"what , for that ?","[-3.1054515838623047, -3.0804266929626465, -3.1265077590942383, -11.261194229125977, -1.6647112369537354, -0.0002972637885250151]",good,passive_2,711,syntax,argument_structure,sample8,-3.706431388854981,-4.353530406951904,TRUE
Name is n't gone fishing .,-4.353530406951904,-30.474714279174805,"what , for that ? .","[-3.1054515838623047, -3.0804266929626465, -3.1265077590942383, -6.892213821411133, -13.612682342529297, -0.6572124361991882, -0.00021944021864328533]",bad,passive_2,711,syntax,argument_structure,sample8,-3.706431388854981,-4.353530406951904,TRUE
Name is n't scared .,-3.7345340251922607,-22.407203674316406,"what , home broken ?","[-3.224195957183838, -2.9686989784240723, -2.9477994441986084, -8.916646957397461, -4.3493170738220215, -0.0005460678366944194]",good,passive_2,711,syntax,argument_structure,sample9,-3.7345340251922607,-3.7953288555145264,TRUE
Name is n't gone fishing .,-3.7953288555145264,-26.567302703857422,"what , home broken ? .","[-3.224195957183838, -2.9686989784240723, -2.9477994441986084, -5.838339805603027, -10.802982330322266, -0.7847673296928406, -0.0005197366117499769]",bad,passive_2,711,syntax,argument_structure,sample9,-3.7345340251922607,-3.7953288555145264,TRUE
Name was n't scared .,-3.870267868041992,-23.221607208251953,"what , Name going of","[-3.038832426071167, -5.888733386993408, -2.6081018447875977, -10.24751091003418, -1.4380671977996826, -0.00036066226311959326]",good,passive_2,76,syntax,argument_structure,sample1,-3.870267868041992,-3.172678709030152,FALSE
Name was n't come here .,-3.172678709030152,-22.208751678466797,"what , Name going and .","[-3.038832426071167, -5.888733386993408, -2.6081018447875977, -6.125450134277344, -4.0609588623046875, -0.48631957173347473, -0.00035565727739594877]",bad,passive_2,76,syntax,argument_structure,sample1,-3.870267868041992,-3.172678709030152,FALSE
Name was n't scared .,-3.919145584106445,-23.514873504638672,"what , a ? ?","[-3.5443806648254395, -5.562223434448242, -3.016876697540283, -8.03798770904541, -3.352874994277954, -0.0005305789527483284]",good,passive_2,76,syntax,argument_structure,sample10,-3.919145584106445,-3.2304365634918213,FALSE
Name was n't come here .,-3.2304365634918213,-22.613056182861328,"what , a ? on .","[-3.5443806648254395, -5.562223434448242, -3.016876697540283, -5.966374397277832, -3.711836099624634, -0.8110296130180359, -0.00033706706017255783]",bad,passive_2,76,syntax,argument_structure,sample10,-3.919145584106445,-3.2304365634918213,FALSE
Name was n't scared .,-4.088808536529541,-24.53285026550293,"what , playing it ?","[-3.3328781127929688, -5.135676383972168, -3.2979977130889893, -10.301346778869629, -2.4638962745666504, -0.0010553987231105566]",good,passive_2,76,syntax,argument_structure,sample2,-4.088808536529541,-3.4749772548675537,FALSE
Name was n't come here .,-3.4749772548675537,-24.324840545654297,"what , playing it on .","[-3.3328781127929688, -5.135676383972168, -3.2979977130889893, -7.015244483947754, -5.322933673858643, -0.21950659155845642, -0.0006040894077159464]",bad,passive_2,76,syntax,argument_structure,sample2,-4.088808536529541,-3.4749772548675537,FALSE
Name was n't scared .,-3.8435604572296143,-23.061363220214844,what . a it of,"[-3.209115743637085, -5.662879943847656, -3.4947025775909424, -8.295537948608398, -2.398872137069702, -0.0002549561613705009]",good,passive_2,76,syntax,argument_structure,sample3,-3.8435604572296143,-3.4467294216156006,FALSE
Name was n't come here .,-3.4467294216156006,-24.127105712890625,"what . a it out ,","[-3.209115743637085, -5.662879943847656, -3.4947025775909424, -6.476954936981201, -4.1588263511657715, -1.1243436336517334, -0.00028200942324474454]",bad,passive_2,76,syntax,argument_structure,sample3,-3.8435604572296143,-3.4467294216156006,FALSE
Name was n't scared .,-4.377517223358154,-26.26510238647461,"what , going there .","[-3.3675284385681152, -5.276711940765381, -4.620205879211426, -11.462251663208008, -1.5379834175109863, -0.00042060110718011856]",good,passive_2,76,syntax,argument_structure,sample4,-4.377517223358154,-3.410785675048828,FALSE
Name was n't come here .,-3.410785675048828,-23.875499725341797,"what , going there on ?","[-3.3675284385681152, -5.276711940765381, -4.620205879211426, -5.59383487701416, -3.489495038986206, -1.526935338973999, -0.0007899263291619718]",bad,passive_2,76,syntax,argument_structure,sample4,-4.377517223358154,-3.410785675048828,FALSE
Name was n't scared .,-4.254462718963623,-25.526775360107422,"what , a a ?","[-2.9871325492858887, -5.937201499938965, -3.2685534954071045, -10.226226806640625, -3.107269287109375, -0.0003911683743353933]",good,passive_2,76,syntax,argument_structure,sample5,-4.254462718963623,-3.5152454376220703,FALSE
Name was n't come here .,-3.5152454376220703,-24.606718063354492,"what , a a in .","[-2.9871325492858887, -5.937201499938965, -3.2685534954071045, -5.647960186004639, -5.705330848693848, -1.0601532459259033, -0.0003868784988299012]",bad,passive_2,76,syntax,argument_structure,sample5,-4.254462718963623,-3.5152454376220703,FALSE
Name was n't scared .,-4.656233310699463,-27.937400817871094,"what , a a ?","[-3.349701166152954, -5.53365421295166, -3.3207616806030273, -11.27737045288086, -4.455333232879639, -0.0005814530304633081]",good,passive_2,76,syntax,argument_structure,sample6,-4.656233310699463,-3.295805692672729,FALSE
Name was n't come here .,-3.295805692672729,-23.070640563964844,"what , a a over ,","[-3.349701166152954, -5.53365421295166, -3.3207616806030273, -6.049403190612793, -3.3924386501312256, -1.4238581657409668, -0.0008229206432588398]",bad,passive_2,76,syntax,argument_structure,sample6,-4.656233310699463,-3.295805692672729,FALSE
Name was n't scared .,-3.857855081558228,-23.147130966186523,"what , that dancing ?","[-3.405649185180664, -5.274982452392578, -3.6745598316192627, -7.7347211837768555, -3.0565924644470215, -0.0006264869589358568]",good,passive_2,76,syntax,argument_structure,sample7,-3.857855081558228,-3.233076810836792,FALSE
Name was n't come here .,-3.233076810836792,-22.63153839111328,"what , that dancing out and","[-3.405649185180664, -5.274982452392578, -3.6745598316192627, -6.365699768066406, -2.3750126361846924, -1.5350584983825684, -0.0005754960584454238]",bad,passive_2,76,syntax,argument_structure,sample7,-3.857855081558228,-3.233076810836792,FALSE
Name was n't scared .,-4.102619647979736,-24.6157169342041,"what , talking that ?","[-3.1054515838623047, -5.358878135681152, -3.934731960296631, -10.466485977172852, -1.7498575448989868, -0.000311802898067981]",good,passive_2,76,syntax,argument_structure,sample8,-4.102619647979736,-3.025865316390991,FALSE
Name was n't come here .,-3.025865316390991,-21.18105697631836,"what , talking that and .","[-3.1054515838623047, -5.358878135681152, -3.934731960296631, -4.681326866149902, -3.194654941558838, -0.9057880640029907, -0.00022575691400561482]",bad,passive_2,76,syntax,argument_structure,sample8,-4.102619647979736,-3.025865316390991,FALSE
Name was n't scared .,-4.261354923248291,-25.568130493164062,"what , a it ?","[-3.224195957183838, -5.868238925933838, -3.9143412113189697, -7.284968376159668, -5.2758917808532715, -0.0004931663861498237]",good,passive_2,76,syntax,argument_structure,sample9,-4.261354923248291,-3.838780641555786,FALSE
Name was n't come here .,-3.838780641555786,-26.871463775634766,"what , a it back .","[-3.224195957183838, -5.868238925933838, -3.9143412113189697, -6.838722229003906, -5.929725170135498, -1.095858097076416, -0.00038342276820912957]",bad,passive_2,76,syntax,argument_structure,sample9,-4.261354923248291,-3.838780641555786,FALSE
Name is n't left .,-3.3690617084503174,-20.214370727539062,"what , for going .","[-3.038832426071167, -3.1910829544067383, -3.1322641372680664, -9.55045223236084, -1.3012750148773193, -0.0004632591735571623]",good,passive_2,808,syntax,argument_structure,sample1,-3.3690617084503174,-4.001969337463379,TRUE
Name is n't answered .,-4.001969337463379,-24.011816024780273,"what , for going on","[-3.038832426071167, -3.1910829544067383, -3.1322641372680664, -11.779595375061035, -2.869642734527588, -0.0003985564399044961]",bad,passive_2,808,syntax,argument_structure,sample1,-3.3690617084503174,-4.001969337463379,TRUE
Name is n't left .,-3.751241683959961,-22.507450103759766,"what , for a the","[-3.5443806648254395, -2.6201326847076416, -2.9327449798583984, -9.512845039367676, -3.896275043487549, -0.0010715939570218325]",good,passive_2,808,syntax,argument_structure,sample10,-3.751241683959961,-4.023377895355225,TRUE
Name is n't answered .,-4.023377895355225,-24.14026641845703,"what , for a it","[-3.5443806648254395, -2.6201326847076416, -2.9327449798583984, -11.806863784790039, -3.235346794128418, -0.0007963585085235536]",bad,passive_2,808,syntax,argument_structure,sample10,-3.751241683959961,-4.023377895355225,TRUE
Name is n't left .,-3.59432315826416,-21.56593894958496,"what , for a the","[-3.3328781127929688, -2.771517753601074, -2.572971820831299, -9.699872970581055, -3.1868577003479004, -0.0018399705877527595]",good,passive_2,808,syntax,argument_structure,sample2,-3.59432315826416,-3.5655250549316406,FALSE
Name is n't answered .,-3.5655250549316406,-21.393150329589844,"what , for a it","[-3.3328781127929688, -2.771517753601074, -2.572971820831299, -9.330284118652344, -3.3837451934814453, -0.001754413009621203]",bad,passive_2,808,syntax,argument_structure,sample2,-3.59432315826416,-3.5655250549316406,FALSE
Name is n't left .,-3.9345550537109375,-23.607330322265625,what . for that the,"[-3.209115743637085, -2.775151491165161, -2.8450405597686768, -10.931100845336914, -3.8462281227111816, -0.0006940339808352292]",good,passive_2,808,syntax,argument_structure,sample3,-3.9345550537109375,-3.849102020263672,FALSE
Name is n't answered .,-3.849102020263672,-23.09461212158203,what . for that that,"[-3.209115743637085, -2.775151491165161, -2.8450405597686768, -12.231446266174316, -2.033308744430542, -0.0005490464391186833]",bad,passive_2,808,syntax,argument_structure,sample3,-3.9345550537109375,-3.849102020263672,FALSE
Name is n't left .,-3.647419214248657,-21.8845157623291,"what , for a the","[-3.3675284385681152, -2.9310076236724854, -3.2345099449157715, -10.457780838012695, -1.8921364545822144, -0.0015522110043093562]",good,passive_2,808,syntax,argument_structure,sample4,-3.647419214248657,-4.130063533782959,TRUE
Name is n't answered .,-4.130063533782959,-24.78038215637207,"what , for a it","[-3.3675284385681152, -2.9310076236724854, -3.2345099449157715, -8.969675064086914, -6.275991916656494, -0.001669562072493136]",bad,passive_2,808,syntax,argument_structure,sample4,-3.647419214248657,-4.130063533782959,TRUE
Name is n't left .,-4.160734176635742,-24.964405059814453,"what , for a a","[-2.9871325492858887, -2.882777690887451, -2.7099924087524414, -11.954072952270508, -4.429837226867676, -0.0005926521262153983]",good,passive_2,808,syntax,argument_structure,sample5,-4.160734176635742,-3.6711089611053462,FALSE
Name is n't answered .,-3.6711089611053462,-22.026653289794922,"what , for a it","[-2.9871325492858887, -2.882777690887451, -2.7099924087524414, -10.360658645629883, -3.0857326984405518, -0.0003601856005843729]",bad,passive_2,808,syntax,argument_structure,sample5,-4.160734176635742,-3.6711089611053462,FALSE
Name is n't left .,-3.784684896469116,-22.70810890197754,"what , for dancing a","[-3.349701166152954, -2.8199002742767334, -3.068375825881958, -9.292505264282227, -4.176722526550293, -0.0009043894242495298]",good,passive_2,808,syntax,argument_structure,sample6,-3.784684896469116,-3.74460506439209,FALSE
Name is n't answered .,-3.74460506439209,-22.46763038635254,"what , for dancing that","[-3.349701166152954, -2.8199002742767334, -3.068375825881958, -11.165800094604492, -2.0633230209350586, -0.0005308172549121082]",bad,passive_2,808,syntax,argument_structure,sample6,-3.784684896469116,-3.74460506439209,FALSE
Name is n't left .,-3.929479598999024,-23.57687759399414,"what , for that a","[-3.405649185180664, -2.710620403289795, -3.8186964988708496, -10.588737487792969, -3.052349090576172, -0.0008239926537498832]",good,passive_2,808,syntax,argument_structure,sample7,-3.929479598999024,-3.810615539550781,FALSE
Name is n't answered .,-3.810615539550781,-22.863693237304688,"what , for that that","[-3.405649185180664, -2.710620403289795, -3.8186964988708496, -10.887529373168945, -2.040065288543701, -0.0011323237558826804]",bad,passive_2,808,syntax,argument_structure,sample7,-3.929479598999024,-3.810615539550781,FALSE
Name is n't left .,-3.3739655017852783,-20.243793487548828,"what , for that the","[-3.1054515838623047, -3.0804266929626465, -3.1265077590942383, -8.650452613830566, -2.2803289890289307, -0.0006255338666960597]",good,passive_2,808,syntax,argument_structure,sample8,-3.3739655017852783,-4.140621185302734,TRUE
Name is n't answered .,-4.140621185302734,-24.843727111816406,"what , for that the","[-3.1054515838623047, -3.0804266929626465, -3.1265077590942383, -12.010587692260742, -3.5203583240509033, -0.0003948624071199447]",bad,passive_2,808,syntax,argument_structure,sample8,-3.3739655017852783,-4.140621185302734,TRUE
Name is n't left .,-3.649281740188599,-21.89569091796875,"what , home broken a","[-3.224195957183838, -2.9686989784240723, -2.9477994441986084, -10.842057228088379, -1.9122942686080933, -0.000644237850792706]",good,passive_2,808,syntax,argument_structure,sample9,-3.649281740188599,-4.210845470428467,TRUE
Name is n't answered .,-4.210845470428467,-25.265071868896484,"what , home broken a","[-3.224195957183838, -2.9686989784240723, -2.9477994441986084, -11.61706829071045, -4.506431579589844, -0.0008762810612097383]",bad,passive_2,808,syntax,argument_structure,sample9,-3.649281740188599,-4.210845470428467,TRUE
Name is scared .,-4.0821452140808105,-20.41072654724121,"what , for of","[-3.038832426071167, -3.1910829544067383, -12.114653587341309, -2.065760374069214, -0.000399033073335886]",good,passive_2,94,syntax,argument_structure,sample1,-4.0821452140808105,-3.9274885654449454,FALSE
Name is gone fishing .,-3.9274885654449454,-23.564931869506836,"what , for ? .","[-3.038832426071167, -3.1910829544067383, -4.586648941040039, -12.276901245117188, -0.47122353315353394, -0.00024244230007752776]",bad,passive_2,94,syntax,argument_structure,sample1,-4.0821452140808105,-3.9274885654449454,FALSE
Name is scared .,-3.26115083694458,-16.305753707885742,"what , for ?","[-3.5443806648254395, -2.6201326847076416, -8.124030113220215, -2.016678810119629, -0.0005314130103215575]",good,passive_2,94,syntax,argument_structure,sample10,-3.26115083694458,-4.071044445037842,TRUE
Name is gone fishing .,-4.071044445037842,-24.426265716552734,"what , for ? ?","[-3.5443806648254395, -2.6201326847076416, -3.717949867248535, -11.285921096801758, -3.2575809955596924, -0.00029905137489549816]",bad,passive_2,94,syntax,argument_structure,sample10,-3.26115083694458,-4.071044445037842,TRUE
Name is scared .,-3.46540904045105,-17.327045440673828,"what , for .","[-3.3328781127929688, -2.771517753601074, -10.298190116882324, -0.9226726293563843, -0.0017864234978333116]",good,passive_2,94,syntax,argument_structure,sample2,-3.46540904045105,-3.234034776687622,FALSE
Name is gone fishing .,-3.234034776687622,-19.40420913696289,"what , for ? .","[-3.3328781127929688, -2.771517753601074, -3.242478847503662, -9.159281730651855, -0.8975928425788879, -0.000458254711702466]",bad,passive_2,94,syntax,argument_structure,sample2,-3.46540904045105,-3.234034776687622,FALSE
Name is scared .,-3.3316550254821777,-16.658275604248047,what . for .,"[-3.209115743637085, -2.775151491165161, -9.898280143737793, -0.7754116654396057, -0.0003159739135298878]",good,passive_2,94,syntax,argument_structure,sample3,-3.3316550254821777,-4.445155620574951,TRUE
Name is gone fishing .,-4.445155620574951,-26.67093276977539,what . for . ?,"[-3.209115743637085, -2.775151491165161, -5.2633442878723145, -13.665520668029785, -1.7575546503067017, -0.0002441108226776123]",bad,passive_2,94,syntax,argument_structure,sample3,-3.3316550254821777,-4.445155620574951,TRUE
Name is scared .,-4.237212181091309,-21.186059951782227,"what , for of","[-3.3675284385681152, -2.9310076236724854, -12.321796417236328, -2.5650525093078613, -0.0006748544401489198]",good,passive_2,94,syntax,argument_structure,sample4,-4.237212181091309,-3.992074251174927,FALSE
Name is gone fishing .,-3.992074251174927,-23.95244598388672,"what , for for with","[-3.3675284385681152, -2.9310076236724854, -6.659353256225586, -9.431410789489746, -1.562756061553955, -0.00039057256071828306]",bad,passive_2,94,syntax,argument_structure,sample4,-4.237212181091309,-3.992074251174927,FALSE
Name is scared .,-3.565101623535156,-17.82550811767578,"what , for ?","[-2.9871325492858887, -2.882777690887451, -10.255212783813477, -1.699954867362976, -0.00042989550274796784]",good,passive_2,94,syntax,argument_structure,sample5,-3.565101623535156,-3.4217453002929688,FALSE
Name is gone fishing .,-3.4217453002929688,-20.530471801757812,"what , for . .","[-2.9871325492858887, -2.882777690887451, -5.551111698150635, -9.038700103759766, -0.07019907981157303, -0.0005502378917299211]",bad,passive_2,94,syntax,argument_structure,sample5,-3.565101623535156,-3.4217453002929688,FALSE
Name is scared .,-4.24888277053833,-21.244413375854492,"what , for of","[-3.349701166152954, -2.8199002742767334, -10.60671615600586, -4.467484951019287, -0.0006115949945524335]",good,passive_2,94,syntax,argument_structure,sample6,-4.24888277053833,-3.877465486526489,FALSE
Name is gone fishing .,-3.877465486526489,-23.264793395996094,"what , for ? ?","[-3.349701166152954, -2.8199002742767334, -3.9273931980133057, -11.665404319763184, -1.5016556978225708, -0.0007394201820716262]",bad,passive_2,94,syntax,argument_structure,sample6,-4.24888277053833,-3.877465486526489,FALSE
Name is scared .,-3.428633213043213,-17.143165588378906,"what , for ?","[-3.405649185180664, -2.710620403289795, -8.974746704101562, -2.051467180252075, -0.0006812873762100935]",good,passive_2,94,syntax,argument_structure,sample7,-3.428633213043213,-3.69963002204895,TRUE
Name is gone fishing .,-3.69963002204895,-22.19778060913086,"what , for . .","[-3.405649185180664, -2.710620403289795, -5.146246910095215, -10.893336296081543, -0.0414113812148571, -0.0005158047424629331]",bad,passive_2,94,syntax,argument_structure,sample7,-3.428633213043213,-3.69963002204895,TRUE
Name is scared .,-3.6245391368865967,-18.122695922851562,"what , for ?","[-3.1054515838623047, -3.0804266929626465, -10.523138046264648, -1.4133538007736206, -0.0003270567976869643]",good,passive_2,94,syntax,argument_structure,sample8,-3.6245391368865967,-4.234565734863281,TRUE
Name is gone fishing .,-4.234565734863281,-25.407394409179688,"what , for ? ?","[-3.1054515838623047, -3.0804266929626465, -4.388436794281006, -13.114790916442871, -1.7180426120758057, -0.00024732868769206107]",bad,passive_2,94,syntax,argument_structure,sample8,-3.6245391368865967,-4.234565734863281,TRUE
Name is scared .,-3.72400975227356,-18.62004852294922,"what , home ?","[-3.224195957183838, -2.9686989784240723, -8.279979705810547, -4.146701812744141, -0.00047100416850298643]",good,passive_2,94,syntax,argument_structure,sample9,-3.72400975227356,-3.611832618713379,FALSE
Name is gone fishing .,-3.611832618713379,-21.670995712280273,"what , home ? ?","[-3.224195957183838, -2.9686989784240723, -3.229768991470337, -10.695937156677246, -1.5519177913665771, -0.0004772001120727509]",bad,passive_2,94,syntax,argument_structure,sample9,-3.72400975227356,-3.611832618713379,FALSE
